30.0, 0.2, 0.871938345023
30.0, 0.4, 0.902515503982
30.0, 0.6, 0.909713427781
30.0, 0.8, 0.91691135158
30.0, 1.0, 0.996855580835
30.0, 1.2, 1.03197628613
30.0, 1.4, 1.06252063109
30.0, 1.6, 1.07111332169
30.0, 1.8, 1.07398876381
30.0, 2.0, 1.06477649579
30.0, 2.2, 1.05445583989
30.0, 2.4, 1.04224981118
30.0, 2.6, 1.03034152566
30.0, 2.8, 1.01982004754
30.0, 3.0, 1.00469308841
30.0, 3.2, 0.984779450802
30.0, 3.4, 0.961372166178
30.0, 3.6, 0.93912787055
30.0, 3.8, 0.919176866449
30.0, 4.0, 0.898413228524
30.0, 4.2, 0.867224872734
30.0, 4.4, 0.838048326595
30.0, 4.6, 0.799770207267
30.0, 4.8, 0.778707593712
30.0, 5.0, 0.771851583584
30.0, 5.2, 0.766750395946
30.0, 5.4, 0.728993983992
30.0, 5.6, 0.656293225472
30.0, 5.8, 0.582179176151
30.0, 6.0, 0.560292699522
30.0, 6.2, 0.565363309418
30.0, 6.4, 0.575559706423
30.0, 6.6, 0.581340491808
30.0, 6.8, 0.590471088683
30.0, 7.0, 0.602578889463
30.0, 7.2, 0.630549409346
30.0, 7.4, 0.675466507474
30.0, 7.6, 0.711105495477
30.0, 7.8, 0.700641010454
30.0, 8.0, 0.661204692072
30.0, 8.2, 0.644789448058
30.0, 8.4, 0.722092204465
30.0, 8.6, 0.704313166268
30.0, 8.8, 0.792097705016
30.0, 9.0, 0.825991954726
30.0, 9.2, 0.793738757304
30.0, 9.4, 0.753331737897
30.0, 9.6, 0.745252156055
30.0, 9.8, 0.763577748065
30.0, 10.0, 0.775893543581
33.0, 0.2, 0.902934535682
33.0, 0.4, 0.932957218601
33.0, 0.6, 0.956504342401
33.0, 0.8, 1.02689744968
33.0, 1.0, 1.08128325381
33.0, 1.2, 1.12773208024
33.0, 1.4, 1.16269104772
33.0, 1.6, 1.21773392249
33.0, 1.8, 1.24544412412
33.0, 2.0, 1.2786557028
33.0, 2.2, 1.3062001789
33.0, 2.4, 1.3305449623
33.0, 2.6, 1.3529176755
33.0, 2.8, 1.36824681891
33.0, 3.0, 1.38228804606
33.0, 3.2, 1.38733494241
33.0, 3.4, 1.38790798672
33.0, 3.6, 1.38494205419
33.0, 3.8, 1.38169603985
33.0, 4.0, 1.37883233367
33.0, 4.2, 1.37852446099
33.0, 4.4, 1.38091524081
33.0, 4.6, 1.38582638442
33.0, 4.8, 1.39210959559
33.0, 5.0, 1.39863719137
33.0, 5.2, 1.401830011
33.0, 5.4, 1.40095709867
33.0, 5.6, 1.39404993425
33.0, 5.8, 1.38147284665
33.0, 6.0, 1.3617742722
33.0, 6.2, 1.33740256705
33.0, 6.4, 1.3089419951
33.0, 6.6, 1.28522584422
33.0, 6.8, 1.26216143273
33.0, 7.0, 1.2452961419
33.0, 7.2, 1.23391666871
33.0, 7.4, 1.22347715812
33.0, 7.6, 1.21070105831
33.0, 7.8, 1.17727315686
33.0, 8.0, 1.14462522998
33.0, 8.2, 1.08507809029
33.0, 8.4, 1.02942062434
33.0, 8.6, 0.99275952549
33.0, 8.8, 0.985790824904
33.0, 9.0, 0.993088946349
33.0, 9.2, 0.988323263224
33.0, 9.4, 0.912411700922
33.0, 9.6, 0.728484369596
33.0, 9.8, 0.58006611443
33.0, 10.0, 0.560465937776
37.0, 0.2, 0.999799405882
37.0, 0.4, 1.02860133356
37.0, 0.6, 1.09433874453
37.0, 0.8, 1.13852871493
37.0, 1.0, 1.16708594466
37.0, 1.2, 1.22275651249
37.0, 1.4, 1.25364822729
37.0, 1.6, 1.27050233119
37.0, 1.8, 1.28210519161
37.0, 2.0, 1.28570165875
37.0, 2.2, 1.28433041696
37.0, 2.4, 1.28170308327
37.0, 2.6, 1.27830847061
37.0, 2.8, 1.27584882478
37.0, 3.0, 1.27445381275
37.0, 3.2, 1.27339725435
37.0, 3.4, 1.27279510467
37.0, 3.6, 1.27230812363
37.0, 3.8, 1.27166476628
37.0, 4.0, 1.27062314544
37.0, 4.2, 1.26823562518
37.0, 4.4, 1.26431162363
37.0, 4.6, 1.25737634892
37.0, 4.8, 1.24673949761
37.0, 5.0, 1.23344960701
37.0, 5.2, 1.21423543599
37.0, 5.4, 1.18907275224
37.0, 5.6, 1.15940819208
37.0, 5.8, 1.12766922251
37.0, 6.0, 1.10000472406
37.0, 6.2, 1.07428607895
37.0, 6.4, 1.06339936884
37.0, 6.6, 1.06680708755
37.0, 6.8, 1.08072192231
37.0, 7.0, 1.09750516083
37.0, 7.2, 1.11392462371
37.0, 7.4, 1.12011861321
37.0, 7.6, 1.12034220944
37.0, 7.8, 1.11693705291
37.0, 8.0, 1.11210023864
37.0, 8.2, 1.1120091692
37.0, 8.4, 1.11753337234
37.0, 8.6, 1.12792665744
37.0, 8.8, 1.14101729009
37.0, 9.0, 1.15216910361
37.0, 9.2, 1.16081385701
37.0, 9.4, 1.16641280084
37.0, 9.6, 1.16719691688
37.0, 9.8, 1.16000590323
37.0, 10.0, 1.13590162033
-3.5, 0.0, 0.0
-3.5, 0.2, 0.0
-3.5, 0.4, 0.0
-3.5, 0.6, -2.03053862985
-3.5, 0.8, -2.86162794913
-3.5, 1.0, -3.02112094826
-3.5, 1.2, -3.01820055282
-3.5, 1.4, -2.96087530025
-3.5, 1.6, -2.82676982541
-3.5, 1.8, -2.74846743704
-3.5, 2.0, -2.71027004691
-3.5, 2.2, -2.64364917736
-3.5, 2.4, -2.63309379182
-3.5, 2.6, -2.63336932662
-3.5, 2.8, -2.64399033826
-3.5, 3.0, -2.66779785868
-3.5, 3.2, -2.69599912918
-3.5, 3.4, -2.71747664748
-3.5, 3.6, -2.73317377744
-3.5, 3.8, -2.74657878303
-3.5, 4.0, -2.75197856303
-3.5, 4.2, -2.74967311395
-3.5, 4.4, -2.74193189799
-3.5, 4.6, -2.72840640438
-3.5, 4.8, -2.71238031734
-3.5, 5.0, -2.69499410181
-3.5, 5.2, -2.67769559862
-3.5, 5.4, -2.66308169524
-3.5, 5.6, -2.64304425704
-3.5, 5.8, -2.63421144894
-3.5, 6.0, -2.62592865209
-3.5, 6.2, -2.61992726106
-3.5, 6.4, -2.61614553654
-3.5, 6.6, -2.6143917889
-3.5, 6.8, -2.61333338125
-3.5, 7.0, -2.61237943668
-3.5, 7.2, -2.61126537586
-3.5, 7.4, -2.60893943153
-3.5, 7.6, -2.60672323892
-3.5, 7.8, -2.60288506586
-3.5, 8.0, -2.59968499619
-3.5, 8.2, -2.59668787348
-3.5, 8.4, -2.59462581883
-3.5, 8.6, -2.59449874452
-3.5, 8.8, -2.59619027534
-3.5, 9.0, -2.60076662588
-3.5, 9.2, -2.60745937418
-3.5, 9.4, -2.61779469119
-3.5, 9.6, -2.63003792434
-3.5, 9.8, -2.64569018701
-3.5, 10.0, -2.65927465312
39.0, 0.2, 1.09385021624
39.0, 0.4, 1.12334912718
39.0, 0.6, 1.12941527548
39.0, 0.8, 1.14972949758
39.0, 1.0, 1.17844161282
39.0, 1.2, 1.20776620473
39.0, 1.4, 1.23940170524
39.0, 1.6, 1.27737657919
39.0, 1.8, 1.29850549865
39.0, 2.0, 1.35005753401
39.0, 2.2, 1.39384518761
39.0, 2.4, 1.44391408589
39.0, 2.6, 1.47828545045
39.0, 2.8, 1.51026530254
39.0, 3.0, 1.53940370269
39.0, 3.2, 1.56084031062
39.0, 3.4, 1.57968607893
39.0, 3.6, 1.59485937833
39.0, 3.8, 1.6062185614
39.0, 4.0, 1.62006415539
39.0, 4.2, 1.63002487925
39.0, 4.4, 1.63758359916
39.0, 4.6, 1.64147913474
39.0, 4.8, 1.63907532762
39.0, 5.0, 1.62781572643
39.0, 5.2, 1.61077261125
39.0, 5.4, 1.58601611674
39.0, 5.6, 1.56117152484
39.0, 5.8, 1.52906279821
39.0, 6.0, 1.5069741442
39.0, 6.2, 1.48933968993
39.0, 6.4, 1.47549869194
39.0, 6.6, 1.47014531662
39.0, 6.8, 1.4681662152
39.0, 7.0, 1.46846375456
39.0, 7.2, 1.46929247733
39.0, 7.4, 1.46957077159
39.0, 7.6, 1.46825632261
39.0, 7.8, 1.46552759264
39.0, 8.0, 1.46120070454
39.0, 8.2, 1.45492043739
39.0, 8.4, 1.4481789861
39.0, 8.6, 1.441116641
39.0, 8.8, 1.43139390703
39.0, 9.0, 1.4173348925
39.0, 9.2, 1.40106805184
39.0, 9.4, 1.37551250175
39.0, 9.6, 1.32367396874
39.0, 9.8, 1.26913116854
39.0, 10.0, 1.18407416632
-4.0, 0.0, 0.0
-4.0, 0.2, 0.0
-4.0, 0.4, 0.0
-4.0, 0.6, -2.08835587841
-4.0, 0.8, -3.00366483003
-4.0, 1.0, -3.21578275988
-4.0, 1.2, -3.22313758439
-4.0, 1.4, -3.17512771397
-4.0, 1.6, -3.11429732096
-4.0, 1.8, -2.98495845157
-4.0, 2.0, -2.91621444687
-4.0, 2.2, -2.88907820632
-4.0, 2.4, -2.85839436308
-4.0, 2.6, -2.8553641041
-4.0, 2.8, -2.86647650076
-4.0, 3.0, -2.88701471532
-4.0, 3.2, -2.91471659505
-4.0, 3.4, -2.96280233954
-4.0, 3.6, -2.97314571682
-4.0, 3.8, -3.00560950628
-4.0, 4.0, -3.01325952381
-4.0, 4.2, -3.02957928663
-4.0, 4.4, -3.02874553051
-4.0, 4.6, -3.02163934155
-4.0, 4.8, -3.01626153388
-4.0, 5.0, -2.99539095373
-4.0, 5.2, -2.97513715334
-4.0, 5.4, -2.95542156472
-4.0, 5.6, -2.92908116494
-4.0, 5.8, -2.91960533862
-4.0, 6.0, -2.90449819352
-4.0, 6.2, -2.89699546806
-4.0, 6.4, -2.88629122444
-4.0, 6.6, -2.88059635432
-4.0, 6.8, -2.87816468303
-4.0, 7.0, -2.87802566147
-4.0, 7.2, -2.87966808594
-4.0, 7.4, -2.88257372332
-4.0, 7.6, -2.88524387773
-4.0, 7.8, -2.88846236678
-4.0, 8.0, -2.89266630428
-4.0, 8.2, -2.89594096329
-4.0, 8.4, -2.89688475586
-4.0, 8.6, -2.89758330296
-4.0, 8.8, -2.8973496079
-4.0, 9.0, -2.89564050158
-4.0, 9.2, -2.89340457916
-4.0, 9.4, -2.89046189352
-4.0, 9.6, -2.88637778417
-4.0, 9.8, -2.88469608495
-4.0, 10.0, -2.88087259406
41.0, 0.2, 1.24925947836
41.0, 0.4, 1.25811743231
41.0, 0.6, 1.2682408079
41.0, 0.8, 1.2811786608
41.0, 1.0, 1.35449750126
41.0, 1.2, 1.38746626303
41.0, 1.4, 1.42245326417
41.0, 1.6, 1.43955552959
41.0, 1.8, 1.47813880763
41.0, 2.0, 1.51026835093
41.0, 2.2, 1.53656666411
41.0, 2.4, 1.56524405423
41.0, 2.6, 1.59529530461
41.0, 2.8, 1.63105105153
41.0, 3.0, 1.64934706304
41.0, 3.2, 1.67625167484
41.0, 3.4, 1.69186820491
41.0, 3.6, 1.70848101712
41.0, 3.8, 1.71871391609
41.0, 4.0, 1.72722578838
41.0, 4.2, 1.73431613515
41.0, 4.4, 1.73864581944
41.0, 4.6, 1.73985192659
41.0, 4.8, 1.73837866523
41.0, 5.0, 1.73315003957
41.0, 5.2, 1.72304936022
41.0, 5.4, 1.7141201534
41.0, 5.6, 1.6958643848
41.0, 5.8, 1.67772711389
41.0, 6.0, 1.65877271636
41.0, 6.2, 1.63543924627
41.0, 6.4, 1.61393769416
41.0, 6.6, 1.59357021078
41.0, 6.8, 1.57407980296
41.0, 7.0, 1.56833466946
41.0, 7.2, 1.56593759557
41.0, 7.4, 1.56897272199
41.0, 7.6, 1.57644540142
41.0, 7.8, 1.58650854684
41.0, 8.0, 1.59370612785
41.0, 8.2, 1.59536487311
41.0, 8.4, 1.58882369256
41.0, 8.6, 1.57313373106
41.0, 8.8, 1.55934777342
41.0, 9.0, 1.5328047883
41.0, 9.2, 1.49931000609
41.0, 9.4, 1.46591546912
41.0, 9.6, 1.44423897397
41.0, 9.8, 1.41912963148
41.0, 10.0, 1.40652224577
-4.5, 0.0, 0.0
-4.5, 0.2, 0.0
-4.5, 0.4, 0.0
-4.5, 0.6, -2.2983446674
-4.5, 0.8, -3.32590387069
-4.5, 1.0, -3.54246518137
-4.5, 1.2, -3.56091290008
-4.5, 1.4, -3.48554599907
-4.5, 1.6, -3.39443870359
-4.5, 1.8, -3.30684514787
-4.5, 2.0, -3.20850034381
-4.5, 2.2, -3.13796183718
-4.5, 2.4, -3.10395310485
-4.5, 2.6, -3.0628721267
-4.5, 2.8, -3.0546188589
-4.5, 3.0, -3.05314028975
-4.5, 3.2, -3.07106895504
-4.5, 3.4, -3.08100021137
-4.5, 3.6, -3.10369315582
-4.5, 3.8, -3.1369892983
-4.5, 4.0, -3.15448529229
-4.5, 4.2, -3.17322863284
-4.5, 4.4, -3.18023737011
-4.5, 4.6, -3.1910529056
-4.5, 4.8, -3.1918225139
-4.5, 5.0, -3.18986469997
-4.5, 5.2, -3.1801918026
-4.5, 5.4, -3.17387535775
-4.5, 5.6, -3.15757126654
-4.5, 5.8, -3.14797249665
-4.5, 6.0, -3.13448079536
-4.5, 6.2, -3.12192814368
-4.5, 6.4, -3.10880475825
-4.5, 6.6, -3.0999987414
-4.5, 6.8, -3.09259178183
-4.5, 7.0, -3.08876120764
-4.5, 7.2, -3.08598477954
-4.5, 7.4, -3.08511003148
-4.5, 7.6, -3.08594697453
-4.5, 7.8, -3.08826176029
-4.5, 8.0, -3.09078180701
-4.5, 8.2, -3.09440283714
-4.5, 8.4, -3.09733202834
-4.5, 8.6, -3.09892412461
-4.5, 8.8, -3.10240904752
-4.5, 9.0, -3.10337770937
-4.5, 9.2, -3.10430474883
-4.5, 9.4, -3.10383678154
-4.5, 9.6, -3.1030599224
-4.5, 9.8, -3.10029177664
-4.5, 10.0, -3.09677661416
43.0, 0.2, 1.24942305056
43.0, 0.4, 1.31387884751
43.0, 0.6, 1.34062993721
43.0, 0.8, 1.36489646719
43.0, 1.0, 1.42167087645
43.0, 1.2, 1.4707095899
43.0, 1.4, 1.51233238172
43.0, 1.6, 1.55752875838
43.0, 1.8, 1.58729700563
43.0, 2.0, 1.62229647864
43.0, 2.2, 1.66109176693
43.0, 2.4, 1.6954113618
43.0, 2.6, 1.73408164601
43.0, 2.8, 1.75422612728
43.0, 3.0, 1.7854939193
43.0, 3.2, 1.81539773004
43.0, 3.4, 1.84225553254
43.0, 3.6, 1.85864273994
43.0, 3.8, 1.87615704261
43.0, 4.0, 1.8887941317
43.0, 4.2, 1.89932559921
43.0, 4.4, 1.90601634481
43.0, 4.6, 1.9112989408
43.0, 4.8, 1.91516760488
43.0, 5.0, 1.91818459841
43.0, 5.2, 1.92155788293
43.0, 5.4, 1.92430943113
43.0, 5.6, 1.92585874704
43.0, 5.8, 1.92591891822
43.0, 6.0, 1.92366186796
43.0, 6.2, 1.91753980867
43.0, 6.4, 1.90805226215
43.0, 6.6, 1.89181553447
43.0, 6.8, 1.879059555
43.0, 7.0, 1.85682003732
43.0, 7.2, 1.83148699488
43.0, 7.4, 1.80867058866
43.0, 7.6, 1.79000751651
43.0, 7.8, 1.77262931148
43.0, 8.0, 1.75770056843
43.0, 8.2, 1.74742795505
43.0, 8.4, 1.74109201276
43.0, 8.6, 1.73820953629
43.0, 8.8, 1.73710796339
43.0, 9.0, 1.73634316267
43.0, 9.2, 1.73408962681
43.0, 9.4, 1.72808327228
43.0, 9.6, 1.71494576483
43.0, 9.8, 1.68217662237
43.0, 10.0, 1.65441300036
-3.0, 0.0, 0.0
-3.0, 0.2, 0.0
-3.0, 0.4, 0.0
-3.0, 0.6, -2.1084959419
-3.0, 0.8, -2.73507146656
-3.0, 1.0, -2.77695576597
-3.0, 1.2, -2.69712365688
-3.0, 1.4, -2.65180633146
-3.0, 1.6, -2.58618570234
-3.0, 1.8, -2.46946586554
-3.0, 2.0, -2.46064923918
-3.0, 2.2, -2.4436210436
-3.0, 2.4, -2.44714594001
-3.0, 2.6, -2.4740215037
-3.0, 2.8, -2.49616031527
-3.0, 3.0, -2.53006766074
-3.0, 3.2, -2.55958725096
-3.0, 3.4, -2.58034552101
-3.0, 3.6, -2.58507720966
-3.0, 3.8, -2.5904355937
-3.0, 4.0, -2.58389177798
-3.0, 4.2, -2.56693969477
-3.0, 4.4, -2.5489733937
-3.0, 4.6, -2.53044737954
-3.0, 4.8, -2.51121546145
-3.0, 5.0, -2.48981375661
-3.0, 5.2, -2.48010732187
-3.0, 5.4, -2.46974851852
-3.0, 5.6, -2.45987586703
-3.0, 5.8, -2.45643922734
-3.0, 6.0, -2.45640669199
-3.0, 6.2, -2.45865860321
-3.0, 6.4, -2.4634213948
-3.0, 6.6, -2.47134229436
-3.0, 6.8, -2.47373134911
-3.0, 7.0, -2.48013158357
-3.0, 7.2, -2.48536977107
-3.0, 7.4, -2.48930759605
-3.0, 7.6, -2.49135138624
-3.0, 7.8, -2.49178342748
-3.0, 8.0, -2.49150516606
-3.0, 8.2, -2.4895922629
-3.0, 8.4, -2.4872852407
-3.0, 8.6, -2.48449880421
-3.0, 8.8, -2.48132495698
-3.0, 9.0, -2.47688210387
-3.0, 9.2, -2.47403011517
-3.0, 9.4, -2.47032145548
-3.0, 9.6, -2.46655550217
-3.0, 9.8, -2.46477948026
-3.0, 10.0, -2.4640298067
44.0, 0.2, 1.26795891806
44.0, 0.4, 1.30449558243
44.0, 0.6, 1.38688272312
44.0, 0.8, 1.43361763611
44.0, 1.0, 1.47015341466
44.0, 1.2, 1.54993183774
44.0, 1.4, 1.61885756908
44.0, 1.6, 1.68803761346
44.0, 1.8, 1.77004029503
44.0, 2.0, 1.82608968159
44.0, 2.2, 1.88873283436
44.0, 2.4, 1.9320689804
44.0, 2.6, 1.9704888376
44.0, 2.8, 1.99967791978
44.0, 3.0, 2.023357585
44.0, 3.2, 2.04153455384
44.0, 3.4, 2.05168773542
44.0, 3.6, 2.06239310632
44.0, 3.8, 2.07046473884
44.0, 4.0, 2.07979202299
44.0, 4.2, 2.08679566944
44.0, 4.4, 2.09435381142
44.0, 4.6, 2.1029576253
44.0, 4.8, 2.11333005076
44.0, 5.0, 2.12435409101
44.0, 5.2, 2.13391545723
44.0, 5.4, 2.14232763553
44.0, 5.6, 2.14776733455
44.0, 5.8, 2.15329631201
44.0, 6.0, 2.15401833247
44.0, 6.2, 2.15020974484
44.0, 6.4, 2.14267999128
44.0, 6.6, 2.12874984723
44.0, 6.8, 2.10927860234
44.0, 7.0, 2.08889620629
44.0, 7.2, 2.0641498639
44.0, 7.4, 2.03661336733
44.0, 7.6, 2.00666591566
44.0, 7.8, 1.98853610912
44.0, 8.0, 1.96430133123
44.0, 8.2, 1.95371183005
44.0, 8.4, 1.94337881539
44.0, 8.6, 1.93790804675
44.0, 8.8, 1.93736111529
44.0, 9.0, 1.93920505869
44.0, 9.2, 1.94257579748
44.0, 9.4, 1.944140139
44.0, 9.6, 1.94232910734
44.0, 9.8, 1.93382960668
44.0, 10.0, 1.91693463768
-5.0, 0.0, 0.0
-5.0, 0.2, 0.0
-5.0, 0.4, 0.0
-5.0, 0.6, -2.18843948634
-5.0, 0.8, -3.27338464007
-5.0, 1.0, -3.53290310961
-5.0, 1.2, -3.56313907236
-5.0, 1.4, -3.53449002689
-5.0, 1.6, -3.47306996801
-5.0, 1.8, -3.3256522568
-5.0, 2.0, -3.23831151727
-5.0, 2.2, -3.19523044062
-5.0, 2.4, -3.13497004305
-5.0, 2.6, -3.12276946881
-5.0, 2.8, -3.11707624153
-5.0, 3.0, -3.12391664865
-5.0, 3.2, -3.14557283017
-5.0, 3.4, -3.1635948093
-5.0, 3.6, -3.19160994507
-5.0, 3.8, -3.22130545617
-5.0, 4.0, -3.24224914203
-5.0, 4.2, -3.25763463764
-5.0, 4.4, -3.27190087629
-5.0, 4.6, -3.27993121574
-5.0, 4.8, -3.28199066576
-5.0, 5.0, -3.2787177235
-5.0, 5.2, -3.27265889146
-5.0, 5.4, -3.26367299789
-5.0, 5.6, -3.25179961015
-5.0, 5.8, -3.23914396755
-5.0, 6.0, -3.22743657426
-5.0, 6.2, -3.21708697739
-5.0, 6.4, -3.20697796819
-5.0, 6.6, -3.19815298668
-5.0, 6.8, -3.19291062698
-5.0, 7.0, -3.18791204984
-5.0, 7.2, -3.18541075426
-5.0, 7.4, -3.18333149349
-5.0, 7.6, -3.18195099938
-5.0, 7.8, -3.18108389235
-5.0, 8.0, -3.17965451392
-5.0, 8.2, -3.1777433628
-5.0, 8.4, -3.17541873344
-5.0, 8.6, -3.1718291335
-5.0, 8.8, -3.16745576752
-5.0, 9.0, -3.16153632874
-5.0, 9.2, -3.15528608798
-5.0, 9.4, -3.14909070386
-5.0, 9.6, -3.14148086834
-5.0, 9.8, -3.13514493857
-5.0, 10.0, -3.12806258264
45.0, 0.2, 1.48571633877
45.0, 0.4, 1.51467649558
45.0, 0.6, 1.67223308262
45.0, 0.8, 1.70548702471
45.0, 1.0, 1.73219761694
45.0, 1.2, 1.75431394291
45.0, 1.4, 1.79001925332
45.0, 1.6, 1.93436317076
45.0, 1.8, 1.97416832624
45.0, 2.0, 2.07117265245
45.0, 2.2, 2.10670802076
45.0, 2.4, 2.17546064683
45.0, 2.6, 2.21777305421
45.0, 2.8, 2.24949796161
45.0, 3.0, 2.26186534
45.0, 3.2, 2.27881888279
45.0, 3.4, 2.29158916154
45.0, 3.6, 2.30514687615
45.0, 3.8, 2.31487147213
45.0, 4.0, 2.32446211955
45.0, 4.2, 2.33427471859
45.0, 4.4, 2.34481747984
45.0, 4.6, 2.35990668336
45.0, 4.8, 2.37817278355
45.0, 5.0, 2.38962152574
45.0, 5.2, 2.40032965708
45.0, 5.4, 2.40950227768
45.0, 5.6, 2.41566465977
45.0, 5.8, 2.41824982796
45.0, 6.0, 2.41732876611
45.0, 6.2, 2.41123153628
45.0, 6.4, 2.40014177837
45.0, 6.6, 2.3851400235
45.0, 6.8, 2.36455932314
45.0, 7.0, 2.33625909649
45.0, 7.2, 2.30348514368
45.0, 7.4, 2.27476897773
45.0, 7.6, 2.23505424158
45.0, 7.8, 2.20505168108
45.0, 8.0, 2.17988427642
45.0, 8.2, 2.14173879002
45.0, 8.4, 2.12180835622
45.0, 8.6, 2.1022442429
45.0, 8.8, 2.08817886286
45.0, 9.0, 2.07748603337
45.0, 9.2, 2.07040923266
45.0, 9.4, 2.06184382357
45.0, 9.6, 2.0506213879
45.0, 9.8, 2.03145621074
45.0, 10.0, 2.00370640686
-1.0, 0.0, 0.0
-1.0, 0.2, -0.0137796538667
-1.0, 0.4, -0.343569226078
-1.0, 0.6, -1.66632586528
-1.0, 0.8, -1.82012372266
-1.0, 1.0, -1.76979536965
-1.0, 1.2, -1.65674259959
-1.0, 1.4, -1.57711194906
-1.0, 1.6, -1.551803999
-1.0, 1.8, -1.55285589609
-1.0, 2.0, -1.57776058913
-1.0, 2.2, -1.59816794924
-1.0, 2.4, -1.62006365303
-1.0, 2.6, -1.63043895201
-1.0, 2.8, -1.63299964124
-1.0, 3.0, -1.63012116077
-1.0, 3.2, -1.62312389512
-1.0, 3.4, -1.61681216767
-1.0, 3.6, -1.61106984782
-1.0, 3.8, -1.60515040799
-1.0, 4.0, -1.6006574273
-1.0, 4.2, -1.59779266766
-1.0, 4.4, -1.59677513377
-1.0, 4.6, -1.59841951465
-1.0, 4.8, -1.60277384082
-1.0, 5.0, -1.61077277703
-1.0, 5.2, -1.61994610826
-1.0, 5.4, -1.63020552766
-1.0, 5.6, -1.64032665188
-1.0, 5.8, -1.6495946245
-1.0, 6.0, -1.65552718456
-1.0, 6.2, -1.6584507972
-1.0, 6.4, -1.6574619565
-1.0, 6.6, -1.65330734634
-1.0, 6.8, -1.64566891857
-1.0, 7.0, -1.63701828746
-1.0, 7.2, -1.62997613319
-1.0, 7.4, -1.62385841983
-1.0, 7.6, -1.62254510129
-1.0, 7.8, -1.62653039025
-1.0, 8.0, -1.63678278857
-1.0, 8.2, -1.65070811828
-1.0, 8.4, -1.66888917668
-1.0, 8.6, -1.68824577629
-1.0, 8.8, -1.70467900976
-1.0, 9.0, -1.71688735101
-1.0, 9.2, -1.72202766101
-1.0, 9.4, -1.72198407209
-1.0, 9.6, -1.71681649301
-1.0, 9.8, -1.7084621733
-1.0, 10.0, -1.70028401054
46.0, 0.4, 1.56111246335
46.0, 0.6, 1.60004943572
46.0, 0.8, 1.62927245776
46.0, 1.0, 1.7052185712
46.0, 1.2, 1.73333618014
46.0, 1.4, 1.82951946961
46.0, 1.6, 1.87554251174
46.0, 1.8, 1.9677236472
46.0, 2.0, 2.01132302762
46.0, 2.2, 2.07715068547
46.0, 2.4, 2.11596991299
46.0, 2.6, 2.15759697232
46.0, 2.8, 2.17557283836
46.0, 3.0, 2.2083710725
46.0, 3.2, 2.23484547392
46.0, 3.4, 2.25679815272
46.0, 3.6, 2.27672684682
46.0, 3.8, 2.28621844577
46.0, 4.0, 2.30216106468
46.0, 4.2, 2.31713103354
46.0, 4.4, 2.33751025849
46.0, 4.6, 2.34732243455
46.0, 4.8, 2.37390748899
46.0, 5.0, 2.38576643322
46.0, 5.2, 2.40056113423
46.0, 5.4, 2.41842801691
46.0, 5.6, 2.42652419868
46.0, 5.8, 2.43279513058
46.0, 6.0, 2.4383814247
46.0, 6.2, 2.4411103592
46.0, 6.4, 2.44165199565
46.0, 6.6, 2.43982353965
46.0, 6.8, 2.43594020316
46.0, 7.0, 2.43099223685
46.0, 7.2, 2.42315387949
46.0, 7.4, 2.40860031032
46.0, 7.6, 2.39785913071
46.0, 7.8, 2.39007625056
46.0, 8.0, 2.36955513008
46.0, 8.2, 2.35463097409
46.0, 8.4, 2.33900492543
46.0, 8.6, 2.32745176147
46.0, 8.8, 2.31616734684
46.0, 9.0, 2.30547772481
46.0, 9.2, 2.29829241168
46.0, 9.4, 2.29382264279
46.0, 9.6, 2.29133082388
46.0, 9.8, 2.29023844191
46.0, 10.0, 2.28783631232
-6.0, 0.0, 0.0
-6.0, 0.2, 0.0
-6.0, 0.4, 0.0
-6.0, 0.6, -2.22550449589
-6.0, 0.8, -3.47290833904
-6.0, 1.0, -3.82481413053
-6.0, 1.2, -3.89250255347
-6.0, 1.4, -3.86452099354
-6.0, 1.6, -3.7997589606
-6.0, 1.8, -3.70483167163
-6.0, 2.0, -3.59795795363
-6.0, 2.2, -3.54436653536
-6.0, 2.4, -3.47902713412
-6.0, 2.6, -3.43701595365
-6.0, 2.8, -3.4163487302
-6.0, 3.0, -3.40801806876
-6.0, 3.2, -3.41404637687
-6.0, 3.4, -3.42697613687
-6.0, 3.6, -3.45091854729
-6.0, 3.8, -3.47123893126
-6.0, 4.0, -3.49723985394
-6.0, 4.2, -3.51825251068
-6.0, 4.4, -3.53978314402
-6.0, 4.6, -3.55300693246
-6.0, 4.8, -3.56395678497
-6.0, 5.0, -3.56949812928
-6.0, 5.2, -3.56999841796
-6.0, 5.4, -3.56630946185
-6.0, 5.6, -3.55974429018
-6.0, 5.8, -3.55019629482
-6.0, 6.0, -3.53976883431
-6.0, 6.2, -3.52674563612
-6.0, 6.4, -3.51308683563
-6.0, 6.6, -3.50482228628
-6.0, 6.8, -3.49382946508
-6.0, 7.0, -3.48546157625
-6.0, 7.2, -3.47785968385
-6.0, 7.4, -3.47388057482
-6.0, 7.6, -3.47066678456
-6.0, 7.8, -3.46874903054
-6.0, 8.0, -3.46804308089
-6.0, 8.2, -3.46768056186
-6.0, 8.4, -3.46729513044
-6.0, 8.6, -3.46668434848
-6.0, 8.8, -3.4655974248
-6.0, 9.0, -3.46370453991
-6.0, 9.2, -3.46092415981
-6.0, 9.4, -3.45713710033
-6.0, 9.6, -3.45168051842
-6.0, 9.8, -3.44649903491
-6.0, 10.0, -3.44069228324
47.0, 0.2, 1.23397078473
47.0, 0.4, 1.35241157776
47.0, 0.6, 1.37259884919
47.0, 0.8, 1.39278612061
47.0, 1.0, 1.41297339203
47.0, 1.2, 1.73404881687
47.0, 1.4, 1.76506700204
47.0, 1.6, 1.87887509363
47.0, 1.8, 1.97416075405
47.0, 2.0, 2.06085504517
47.0, 2.2, 2.14648170482
47.0, 2.4, 2.21592399297
47.0, 2.6, 2.28041487612
47.0, 2.8, 2.35391312815
47.0, 3.0, 2.40010495863
47.0, 3.2, 2.44620472966
47.0, 3.4, 2.48889043836
47.0, 3.6, 2.51915231033
47.0, 3.8, 2.54292987699
47.0, 4.0, 2.56331389604
47.0, 4.2, 2.58053835742
47.0, 4.4, 2.59471105285
47.0, 4.6, 2.6059629702
47.0, 4.8, 2.61725021106
47.0, 5.0, 2.62656461318
47.0, 5.2, 2.63433037446
47.0, 5.4, 2.64076584979
47.0, 5.6, 2.64840760973
47.0, 5.8, 2.65514491254
47.0, 6.0, 2.66209169123
47.0, 6.2, 2.67013541109
47.0, 6.4, 2.67357543217
47.0, 6.6, 2.67789481895
47.0, 6.8, 2.68054556121
47.0, 7.0, 2.68041354919
47.0, 7.2, 2.67793905879
47.0, 7.4, 2.67064302084
47.0, 7.6, 2.66526227928
47.0, 7.8, 2.65318408135
47.0, 8.0, 2.63012288428
47.0, 8.2, 2.61227703636
47.0, 8.4, 2.59233332243
47.0, 8.6, 2.57134521349
47.0, 8.8, 2.55681732295
47.0, 9.0, 2.53274591808
47.0, 9.2, 2.50814498395
47.0, 9.4, 2.4938618231
47.0, 9.6, 2.47208623254
47.0, 9.8, 2.46108067683
47.0, 10.0, 2.45169754487
-2.0, 0.0, 0.0
-2.0, 0.2, 0.0
-2.0, 0.4, -0.0112132648091
-2.0, 0.6, -1.91161935096
-2.0, 0.8, -2.40501598355
-2.0, 1.0, -2.45489731432
-2.0, 1.2, -2.34296126971
-2.0, 1.4, -2.23430268649
-2.0, 1.6, -2.18098320368
-2.0, 1.8, -2.12103970304
-2.0, 2.0, -2.11627334475
-2.0, 2.2, -2.14059517704
-2.0, 2.4, -2.17072810861
-2.0, 2.6, -2.20706318729
-2.0, 2.8, -2.247868158
-2.0, 3.0, -2.27512856834
-2.0, 3.2, -2.28897747126
-2.0, 3.4, -2.29493901684
-2.0, 3.6, -2.29193148148
-2.0, 3.8, -2.28085657865
-2.0, 4.0, -2.26759884044
-2.0, 4.2, -2.25536607765
-2.0, 4.4, -2.24636653999
-2.0, 4.6, -2.23862409998
-2.0, 4.8, -2.23588228593
-2.0, 5.0, -2.23603267069
-2.0, 5.2, -2.23890510736
-2.0, 5.4, -2.24189791595
-2.0, 5.6, -2.24436172661
-2.0, 5.8, -2.244808446
-2.0, 6.0, -2.24243364714
-2.0, 6.2, -2.23714692345
-2.0, 6.4, -2.22816290353
-2.0, 6.6, -2.21598161553
-2.0, 6.8, -2.20148878305
-2.0, 7.0, -2.19073328554
-2.0, 7.2, -2.17612973346
-2.0, 7.4, -2.16478812864
-2.0, 7.6, -2.15754336134
-2.0, 7.8, -2.15205795815
-2.0, 8.0, -2.15000179909
-2.0, 8.2, -2.14991985753
-2.0, 8.4, -2.15200002291
-2.0, 8.6, -2.15464289234
-2.0, 8.8, -2.15714876067
-2.0, 9.0, -2.15923151489
-2.0, 9.2, -2.16025704193
-2.0, 9.4, -2.16016352268
-2.0, 9.6, -2.15919873245
-2.0, 9.8, -2.15785404702
-2.0, 10.0, -2.15667577601
48.0, 0.2, 1.21265597392
48.0, 0.4, 1.26401051
48.0, 0.6, 1.43782539994
48.0, 0.8, 1.49274465242
48.0, 1.0, 1.54102531162
48.0, 1.2, 1.5648665274
48.0, 1.4, 1.70623417092
48.0, 1.6, 1.77017686346
48.0, 1.8, 1.83331405263
48.0, 2.0, 1.9446244003
48.0, 2.2, 2.03646779917
48.0, 2.4, 2.06212303092
48.0, 2.6, 2.15044576012
48.0, 2.8, 2.16479033765
48.0, 3.0, 2.2024502466
48.0, 3.2, 2.2507911356
48.0, 3.4, 2.27375282926
48.0, 3.6, 2.29254870799
48.0, 3.8, 2.31058131065
48.0, 4.0, 2.32899907531
48.0, 4.2, 2.346275353
48.0, 4.4, 2.36472756886
48.0, 4.6, 2.38463545579
48.0, 4.8, 2.40559083914
48.0, 5.0, 2.4340976489
48.0, 5.2, 2.44217537323
48.0, 5.4, 2.46311036313
48.0, 5.6, 2.48968052174
48.0, 5.8, 2.50380832613
48.0, 6.0, 2.51889815467
48.0, 6.2, 2.53036752853
48.0, 6.4, 2.54172856397
48.0, 6.6, 2.54801216915
48.0, 6.8, 2.54909345384
48.0, 7.0, 2.54492296939
48.0, 7.2, 2.54236888325
48.0, 7.4, 2.53241936583
48.0, 7.6, 2.52071819387
48.0, 7.8, 2.51176071127
48.0, 8.0, 2.50212214809
48.0, 8.2, 2.4933846515
48.0, 8.4, 2.48542082214
48.0, 8.6, 2.4798653061
48.0, 8.8, 2.47575310025
48.0, 9.0, 2.47300108481
48.0, 9.2, 2.47132394894
48.0, 9.4, 2.47056336586
48.0, 9.6, 2.47026299256
48.0, 9.8, 2.47003479389
48.0, 10.0, 2.46894035654
-7.0, 0.0, 0.0
-7.0, 0.2, 0.0
-7.0, 0.4, 0.0
-7.0, 0.6, -2.25499296153
-7.0, 0.8, -3.72388534597
-7.0, 1.0, -4.13209740285
-7.0, 1.2, -4.21627294721
-7.0, 1.4, -4.17316065531
-7.0, 1.6, -4.10148698569
-7.0, 1.8, -3.98402290938
-7.0, 2.0, -3.89288427469
-7.0, 2.2, -3.84115419331
-7.0, 2.4, -3.72604847226
-7.0, 2.6, -3.68260199765
-7.0, 2.8, -3.64660759362
-7.0, 3.0, -3.62688869623
-7.0, 3.2, -3.6238456347
-7.0, 3.4, -3.63040649346
-7.0, 3.6, -3.64950444272
-7.0, 3.8, -3.67947637745
-7.0, 4.0, -3.69900773969
-7.0, 4.2, -3.72050041022
-7.0, 4.4, -3.75537880182
-7.0, 4.6, -3.77323557712
-7.0, 4.8, -3.78774316116
-7.0, 5.0, -3.79617429728
-7.0, 5.2, -3.80280733167
-7.0, 5.4, -3.80254440047
-7.0, 5.6, -3.80072452657
-7.0, 5.8, -3.79129975133
-7.0, 6.0, -3.78389158619
-7.0, 6.2, -3.7630558006
-7.0, 6.4, -3.75515517291
-7.0, 6.6, -3.73044547694
-7.0, 6.8, -3.71424971159
-7.0, 7.0, -3.70227708458
-7.0, 7.2, -3.68813324063
-7.0, 7.4, -3.67668462732
-7.0, 7.6, -3.66712188681
-7.0, 7.8, -3.66214829842
-7.0, 8.0, -3.65803742958
-7.0, 8.2, -3.65662055539
-7.0, 8.4, -3.65691164037
-7.0, 8.6, -3.65843944245
-7.0, 8.8, -3.66094640648
-7.0, 9.0, -3.66429900311
-7.0, 9.2, -3.66756158201
-7.0, 9.4, -3.67022162593
-7.0, 9.6, -3.67182574684
-7.0, 9.8, -3.67249182404
-7.0, 10.0, -3.67211720437
49.0, 0.6, 1.5473593735
49.0, 0.8, 1.64318636471
49.0, 1.0, 1.7311832986
49.0, 1.2, 1.7538645493
49.0, 1.4, 1.77738335685
49.0, 1.6, 1.90934992798
49.0, 1.8, 1.9577803638
49.0, 2.0, 2.04156408758
49.0, 2.2, 2.11054574195
49.0, 2.4, 2.22207930367
49.0, 2.6, 2.26842774368
49.0, 2.8, 2.30146922798
49.0, 3.0, 2.37846303706
49.0, 3.2, 2.40032454836
49.0, 3.4, 2.44453004278
49.0, 3.6, 2.47246503423
49.0, 3.8, 2.50503814507
49.0, 4.0, 2.53765963862
49.0, 4.2, 2.56842193147
49.0, 4.4, 2.59671342664
49.0, 4.6, 2.62409569111
49.0, 4.8, 2.64893562081
49.0, 5.0, 2.67297601058
49.0, 5.2, 2.69798396457
49.0, 5.4, 2.72013066539
49.0, 5.6, 2.73885413986
49.0, 5.8, 2.75558569265
49.0, 6.0, 2.77381864891
49.0, 6.2, 2.78365143505
49.0, 6.4, 2.79937769287
49.0, 6.6, 2.80878755723
49.0, 6.8, 2.81440524099
49.0, 7.0, 2.81784423969
49.0, 7.2, 2.81821769812
49.0, 7.4, 2.81529446864
49.0, 7.6, 2.81056073461
49.0, 7.8, 2.8029224143
49.0, 8.0, 2.79370199195
49.0, 8.2, 2.7837504688
49.0, 8.4, 2.77950357041
49.0, 8.6, 2.76445394824
49.0, 8.8, 2.75510929663
49.0, 9.0, 2.74859198446
49.0, 9.2, 2.7461701203
49.0, 9.4, 2.74380382066
49.0, 9.6, 2.74370314897
49.0, 9.8, 2.74616672557
49.0, 10.0, 2.7544529371
-8.0, 0.0, 0.0
-8.0, 0.2, 0.0
-8.0, 0.4, 0.0
-8.0, 0.6, -2.64035908074
-8.0, 0.8, -4.13411485753
-8.0, 1.0, -4.67883116887
-8.0, 1.2, -4.79933360122
-8.0, 1.4, -4.80343965347
-8.0, 1.6, -4.73197637636
-8.0, 1.8, -4.69790729256
-8.0, 2.0, -4.54775520275
-8.0, 2.2, -4.4273385364
-8.0, 2.4, -4.39109234504
-8.0, 2.6, -4.30490339818
-8.0, 2.8, -4.23065345375
-8.0, 3.0, -4.17558997107
-8.0, 3.2, -4.13988281803
-8.0, 3.4, -4.1312407303
-8.0, 3.6, -4.11694327567
-8.0, 3.8, -4.11753426522
-8.0, 4.0, -4.12853645935
-8.0, 4.2, -4.13563081383
-8.0, 4.4, -4.151663957
-8.0, 4.6, -4.17270929805
-8.0, 4.8, -4.18618138862
-8.0, 5.0, -4.21810253498
-8.0, 5.2, -4.22672321976
-8.0, 5.4, -4.2381442187
-8.0, 5.6, -4.25270175556
-8.0, 5.8, -4.25326145428
-8.0, 6.0, -4.2446934262
-8.0, 6.2, -4.24036924089
-8.0, 6.4, -4.22638858036
-8.0, 6.6, -4.20796718906
-8.0, 6.8, -4.19115709522
-8.0, 7.0, -4.17943502073
-8.0, 7.2, -4.1594009655
-8.0, 7.4, -4.14849249494
-8.0, 7.6, -4.12916373222
-8.0, 7.8, -4.11205760495
-8.0, 8.0, -4.10578730754
-8.0, 8.2, -4.0917641695
-8.0, 8.4, -4.08206971001
-8.0, 8.6, -4.07583255883
-8.0, 8.8, -4.07416790573
-8.0, 9.0, -4.07224226253
-8.0, 9.2, -4.07257090754
-8.0, 9.4, -4.07325936578
-8.0, 9.6, -4.07599007637
-8.0, 9.8, -4.07945998305
-8.0, 10.0, -4.08314174986
50.0, 0.2, 1.37368068513
50.0, 0.4, 1.65990059664
50.0, 0.6, 1.68746513035
50.0, 0.8, 1.71502966406
50.0, 1.0, 1.8382221856
50.0, 1.2, 1.89107528869
50.0, 1.4, 1.9198817373
50.0, 1.6, 1.97199016105
50.0, 1.8, 2.09979237833
50.0, 2.0, 2.23421350341
50.0, 2.2, 2.26710582929
50.0, 2.4, 2.37566283357
50.0, 2.6, 2.4071722723
50.0, 2.8, 2.49850828902
50.0, 3.0, 2.5432835053
50.0, 3.2, 2.59221657959
50.0, 3.4, 2.63939565952
50.0, 3.6, 2.6755822214
50.0, 3.8, 2.72477668741
50.0, 4.0, 2.74818197857
50.0, 4.2, 2.77125664088
50.0, 4.4, 2.79405439924
50.0, 4.6, 2.8177543848
50.0, 4.8, 2.83925845523
50.0, 5.0, 2.85359878611
50.0, 5.2, 2.87611171196
50.0, 5.4, 2.90189682741
50.0, 5.6, 2.91260436626
50.0, 5.8, 2.93520800309
50.0, 6.0, 2.94615099633
50.0, 6.2, 2.96081499484
50.0, 6.4, 2.96931096125
50.0, 6.6, 2.9806895815
50.0, 6.8, 2.98652087141
50.0, 7.0, 2.99027247871
50.0, 7.2, 2.99149283987
50.0, 7.4, 2.98980959813
50.0, 7.6, 2.98583007357
50.0, 7.8, 2.98113593721
50.0, 8.0, 2.9746544832
50.0, 8.2, 2.96222004521
50.0, 8.4, 2.9517957473
50.0, 8.6, 2.94444456918
50.0, 8.8, 2.93409541964
50.0, 9.0, 2.9231153562
50.0, 9.2, 2.91862895239
50.0, 9.4, 2.91118464105
50.0, 9.6, 2.90525016097
50.0, 9.8, 2.90345166286
50.0, 10.0, 2.90090429624
-1.5, 0.0, 0.0
-1.5, 0.2, 0.0
-1.5, 0.4, -0.0300589180759
-1.5, 0.6, -1.61127510084
-1.5, 0.8, -1.87289059319
-1.5, 1.0, -1.80585210567
-1.5, 1.2, -1.69787643843
-1.5, 1.4, -1.64972965201
-1.5, 1.6, -1.61629082811
-1.5, 1.8, -1.62497323212
-1.5, 2.0, -1.66031065683
-1.5, 2.2, -1.69824421035
-1.5, 2.4, -1.71971275304
-1.5, 2.6, -1.73426264774
-1.5, 2.8, -1.73906156331
-1.5, 3.0, -1.73731553109
-1.5, 3.2, -1.7331204573
-1.5, 3.4, -1.72924492691
-1.5, 3.6, -1.72849407103
-1.5, 3.8, -1.73087288658
-1.5, 4.0, -1.73530831602
-1.5, 4.2, -1.74146923539
-1.5, 4.4, -1.74553307871
-1.5, 4.6, -1.74972829067
-1.5, 4.8, -1.75128049098
-1.5, 5.0, -1.75139430049
-1.5, 5.2, -1.75061839166
-1.5, 5.4, -1.74966288388
-1.5, 5.6, -1.74955698575
-1.5, 5.8, -1.75042883681
-1.5, 6.0, -1.75356697479
-1.5, 6.2, -1.75694644293
-1.5, 6.4, -1.76092226709
-1.5, 6.6, -1.76499908111
-1.5, 6.8, -1.7681095777
-1.5, 7.0, -1.77020864076
-1.5, 7.2, -1.77107582763
-1.5, 7.4, -1.7709729012
-1.5, 7.6, -1.7703732298
-1.5, 7.8, -1.76995353516
-1.5, 8.0, -1.77023002541
-1.5, 8.2, -1.77117013262
-1.5, 8.4, -1.77431187245
-1.5, 8.6, -1.77656903945
-1.5, 8.8, -1.78200269869
-1.5, 9.0, -1.78590493896
-1.5, 9.2, -1.78971434967
-1.5, 9.4, -1.7928786601
-1.5, 9.6, -1.79460291425
-1.5, 9.8, -1.79529835634
-1.5, 10.0, -1.79491208635
53.0, 0.2, 0.850255573911
53.0, 0.4, 0.898966336545
53.0, 0.6, 1.04945586031
53.0, 0.8, 1.31632384448
53.0, 1.0, 1.4311755552
53.0, 1.2, 1.58796802064
53.0, 1.4, 1.67634846559
53.0, 1.6, 1.87283352418
53.0, 1.8, 1.94184852259
53.0, 2.0, 2.07936869675
53.0, 2.2, 2.22495632121
53.0, 2.4, 2.34789323741
53.0, 2.6, 2.4226763632
53.0, 2.8, 2.5474149058
53.0, 3.0, 2.63760963502
53.0, 3.2, 2.70533888761
53.0, 3.4, 2.77099117567
53.0, 3.6, 2.83971022192
53.0, 3.8, 2.89015337952
53.0, 4.0, 2.93628727731
53.0, 4.2, 2.99268782721
53.0, 4.4, 3.03402971723
53.0, 4.6, 3.07075560555
53.0, 4.8, 3.1116929311
53.0, 5.0, 3.13232380154
53.0, 5.2, 3.17594658559
53.0, 5.4, 3.21799949602
53.0, 5.6, 3.24378828913
53.0, 5.8, 3.29077898645
53.0, 6.0, 3.31461948229
53.0, 6.2, 3.36112719179
53.0, 6.4, 3.38341694193
53.0, 6.6, 3.42848404309
53.0, 6.8, 3.45336936573
53.0, 7.0, 3.48188850903
53.0, 7.2, 3.51776241852
53.0, 7.4, 3.53781221807
53.0, 7.6, 3.55759150269
53.0, 7.8, 3.57894850101
53.0, 8.0, 3.59550064998
53.0, 8.2, 3.60605795627
53.0, 8.4, 3.61369668352
53.0, 8.6, 3.61793790176
53.0, 8.8, 3.61857910946
53.0, 9.0, 3.61589322896
53.0, 9.2, 3.60997253206
53.0, 9.4, 3.60201897719
53.0, 9.6, 3.59048824252
53.0, 9.8, 3.5791450969
53.0, 10.0, 3.56754574565
-2.5, 0.0, -0.00216967712949
-2.5, 0.2, 0.0
-2.5, 0.4, 0.0
-2.5, 0.6, -1.82255257467
-2.5, 0.8, -2.59653306882
-2.5, 1.0, -2.77877992712
-2.5, 1.2, -2.76553156061
-2.5, 1.4, -2.66525000033
-2.5, 1.6, -2.57313153559
-2.5, 1.8, -2.52637039698
-2.5, 2.0, -2.46581025652
-2.5, 2.2, -2.45056809707
-2.5, 2.4, -2.4514838241
-2.5, 2.6, -2.46114986914
-2.5, 2.8, -2.48946143394
-2.5, 3.0, -2.5184783973
-2.5, 3.2, -2.53675107796
-2.5, 3.4, -2.55505933576
-2.5, 3.6, -2.56750768726
-2.5, 3.8, -2.5720480019
-2.5, 4.0, -2.57194279225
-2.5, 4.2, -2.56833427845
-2.5, 4.4, -2.56184319298
-2.5, 4.6, -2.55634979297
-2.5, 4.8, -2.55173179111
-2.5, 5.0, -2.54854534012
-2.5, 5.2, -2.54720779232
-2.5, 5.4, -2.54756955006
-2.5, 5.6, -2.54835222107
-2.5, 5.8, -2.5494218777
-2.5, 6.0, -2.54954428653
-2.5, 6.2, -2.54789033837
-2.5, 6.4, -2.54456246125
-2.5, 6.6, -2.5385844764
-2.5, 6.8, -2.5306295199
-2.5, 7.0, -2.52463408482
-2.5, 7.2, -2.51542590639
-2.5, 7.4, -2.5086415202
-2.5, 7.6, -2.50272642308
-2.5, 7.8, -2.49885977445
-2.5, 8.0, -2.49760308195
-2.5, 8.2, -2.4989110118
-2.5, 8.4, -2.5041803646
-2.5, 8.6, -2.50920978542
-2.5, 8.8, -2.51803430552
-2.5, 9.0, -2.52635259841
-2.5, 9.2, -2.53343649783
-2.5, 9.4, -2.54198061125
-2.5, 9.6, -2.54547994419
-2.5, 9.8, -2.54728615947
-2.5, 10.0, -2.54665343774
53.0, 0.2, 1.60027718589
53.0, 0.4, 1.69914999322
53.0, 0.6, 1.7266220833
53.0, 0.8, 1.75409417338
53.0, 1.0, 1.87363361778
53.0, 1.2, 1.9252282718
53.0, 1.4, 2.03008859816
53.0, 1.6, 2.12390362304
53.0, 1.8, 2.24556056584
53.0, 2.0, 2.34002384918
53.0, 2.2, 2.41346468068
53.0, 2.4, 2.50168912625
53.0, 2.6, 2.60335086829
53.0, 2.8, 2.66806254828
53.0, 3.0, 2.71959845085
53.0, 3.2, 2.80083083191
53.0, 3.4, 2.84470892391
53.0, 3.6, 2.89416166989
53.0, 3.8, 2.95399801388
53.0, 4.0, 2.99684165784
53.0, 4.2, 3.03247439096
53.0, 4.4, 3.06855995107
53.0, 4.6, 3.11480943696
53.0, 4.8, 3.16098569812
53.0, 5.0, 3.19830531065
53.0, 5.2, 3.22930343783
53.0, 5.4, 3.26558422781
53.0, 5.6, 3.30640984376
53.0, 5.8, 3.34509907094
53.0, 6.0, 3.39101639882
53.0, 6.2, 3.42665544454
53.0, 6.4, 3.46040736171
53.0, 6.6, 3.50108719474
53.0, 6.8, 3.52878243305
53.0, 7.0, 3.56487716521
53.0, 7.2, 3.59512608209
53.0, 7.4, 3.62406883147
53.0, 7.6, 3.64743480452
53.0, 7.8, 3.66609011072
53.0, 8.0, 3.68228896915
53.0, 8.2, 3.69296099662
53.0, 8.4, 3.69876529456
53.0, 8.6, 3.70057765049
53.0, 8.8, 3.6980271773
53.0, 9.0, 3.69147893697
53.0, 9.2, 3.68104137868
53.0, 9.4, 3.66478716044
53.0, 9.6, 3.64851936915
53.0, 9.8, 3.62907039708
53.0, 10.0, 3.60568834549
-9.0, 0.0, -0.0189044204501
-9.0, 0.2, 0.0
-9.0, 0.4, 0.0
-9.0, 0.6, -2.12698259812
-9.0, 0.8, -3.99389712652
-9.0, 1.0, -4.64004817813
-9.0, 1.2, -4.75879324089
-9.0, 1.4, -4.78965125564
-9.0, 1.6, -4.75387066929
-9.0, 1.8, -4.67760481398
-9.0, 2.0, -4.52260064888
-9.0, 2.2, -4.45027727263
-9.0, 2.4, -4.3847424904
-9.0, 2.6, -4.28036400041
-9.0, 2.8, -4.20549630641
-9.0, 3.0, -4.16636380297
-9.0, 3.2, -4.10485324335
-9.0, 3.4, -4.08692260333
-9.0, 3.6, -4.06715250053
-9.0, 3.8, -4.06456667383
-9.0, 4.0, -4.07054463065
-9.0, 4.2, -4.07967829154
-9.0, 4.4, -4.09793905529
-9.0, 4.6, -4.11939545865
-9.0, 4.8, -4.13843756766
-9.0, 5.0, -4.15863429127
-9.0, 5.2, -4.17909209138
-9.0, 5.4, -4.19526147507
-9.0, 5.6, -4.20848262411
-9.0, 5.8, -4.21848740346
-9.0, 6.0, -4.22522179199
-9.0, 6.2, -4.22741919954
-9.0, 6.4, -4.22688152736
-9.0, 6.6, -4.22305689309
-9.0, 6.8, -4.21761148864
-9.0, 7.0, -4.21070930308
-9.0, 7.2, -4.20237484351
-9.0, 7.4, -4.19057687292
-9.0, 7.6, -4.18037122123
-9.0, 7.8, -4.17330328469
-9.0, 8.0, -4.16702661365
-9.0, 8.2, -4.16035216911
-9.0, 8.4, -4.15629931825
-9.0, 8.6, -4.15467363925
-9.0, 8.8, -4.15538283737
-9.0, 9.0, -4.15775676625
-9.0, 9.2, -4.16168918677
-9.0, 9.4, -4.16828162886
-9.0, 9.6, -4.17528338164
-9.0, 9.8, -4.1836909662
-9.0, 10.0, -4.19394804816
55.0, 0.2, 1.17151379037
55.0, 0.4, 1.39840729131
55.0, 0.6, 1.42847076139
55.0, 0.8, 1.46097026972
55.0, 1.0, 1.50402593971
55.0, 1.2, 1.70130666129
55.0, 1.4, 1.75016625418
55.0, 1.6, 1.80237453467
55.0, 1.8, 1.97576776118
55.0, 2.0, 2.03146079919
55.0, 2.2, 2.18655602749
55.0, 2.4, 2.25079983143
55.0, 2.6, 2.36821380559
55.0, 2.8, 2.46959165098
55.0, 3.0, 2.52144110582
55.0, 3.2, 2.60170045255
55.0, 3.4, 2.67616750809
55.0, 3.6, 2.73481545123
55.0, 3.8, 2.7912839244
55.0, 4.0, 2.84426910746
55.0, 4.2, 2.89531405613
55.0, 4.4, 2.94759414192
55.0, 4.6, 2.98627174634
55.0, 4.8, 3.02548062511
55.0, 5.0, 3.05717069145
55.0, 5.2, 3.09126871023
55.0, 5.4, 3.1212602541
55.0, 5.6, 3.14504036879
55.0, 5.8, 3.17413815653
55.0, 6.0, 3.19830211561
55.0, 6.2, 3.2216079862
55.0, 6.4, 3.24310170124
55.0, 6.6, 3.26593632705
55.0, 6.8, 3.28294330682
55.0, 7.0, 3.30839931135
55.0, 7.2, 3.326190884
55.0, 7.4, 3.34497788537
55.0, 7.6, 3.36049456276
55.0, 7.8, 3.38063556287
55.0, 8.0, 3.39256154546
55.0, 8.2, 3.40849098555
55.0, 8.4, 3.4232904941
55.0, 8.6, 3.43718040912
55.0, 8.8, 3.44774452704
55.0, 9.0, 3.45602535888
55.0, 9.2, 3.46315868387
55.0, 9.4, 3.4683551915
55.0, 9.6, 3.47243433214
55.0, 9.8, 3.47363207556
55.0, 10.0, 3.47236282806
-10.0, 0.0, 0.0
-10.0, 0.2, 0.0
-10.0, 0.4, 0.0
-10.0, 0.6, -2.31263651068
-10.0, 0.8, -4.41893907466
-10.0, 1.0, -5.06396929281
-10.0, 1.2, -5.26016312148
-10.0, 1.4, -5.2850409771
-10.0, 1.6, -5.22910179888
-10.0, 1.8, -5.15331013347
-10.0, 2.0, -5.06827874984
-10.0, 2.2, -4.92826911163
-10.0, 2.4, -4.80625788014
-10.0, 2.6, -4.74070325451
-10.0, 2.8, -4.64282049285
-10.0, 3.0, -4.5583274097
-10.0, 3.2, -4.52719483362
-10.0, 3.4, -4.469420984
-10.0, 3.6, -4.44731021269
-10.0, 3.8, -4.43039797113
-10.0, 4.0, -4.42769512607
-10.0, 4.2, -4.43318173127
-10.0, 4.4, -4.4497243903
-10.0, 4.6, -4.47049266412
-10.0, 4.8, -4.49172039541
-10.0, 5.0, -4.51970108658
-10.0, 5.2, -4.5524372695
-10.0, 5.4, -4.57442519336
-10.0, 5.6, -4.60157042372
-10.0, 5.8, -4.62437918527
-10.0, 6.0, -4.64169257309
-10.0, 6.2, -4.65957869501
-10.0, 6.4, -4.66955648884
-10.0, 6.6, -4.67603848308
-10.0, 6.8, -4.68020477057
-10.0, 7.0, -4.67979727359
-10.0, 7.2, -4.67676627069
-10.0, 7.4, -4.66925975431
-10.0, 7.6, -4.66149496366
-10.0, 7.8, -4.65046724103
-10.0, 8.0, -4.63776251447
-10.0, 8.2, -4.62628887634
-10.0, 8.4, -4.61548698922
-10.0, 8.6, -4.60475849369
-10.0, 8.8, -4.59434676117
-10.0, 9.0, -4.58372058581
-10.0, 9.2, -4.5750927208
-10.0, 9.4, -4.56708582038
-10.0, 9.6, -4.55918236272
-10.0, 9.8, -4.55341842546
-10.0, 10.0, -4.54765612526
